ResName,Resid,PDB_Resid,Predicted_pKa,Hill_Coef,Standard_pKa,Delta_pKa
AS2,6,178,2.763,0.534,3.71,-0.9470000000000001
AS2,11,183,2.517,0.938,3.71,-1.193
AS2,14,186,3.389,1.472,3.71,-0.3210000000000002
HIP,15,187,6.672,0.393,6.04,0.6319999999999997
CYS,17,189,11.140,0.400,8.14,3.0
HIP,35,207,7.304,0.307,6.04,1.2640000000000002
GL2,41,213,2.872,0.858,4.15,-1.2780000000000005
CYS,42,214,nan,nan,8.14,
LYS,45,217,nan,nan,10.67,
GL2,50,222,2.761,0.759,4.15,-1.3890000000000002
GL2,59,231,3.204,0.789,4.15,-0.9460000000000002
LYS,64,236,nan,nan,10.67,
AS2,70,242,3.456,0.950,3.71,-0.254
GL2,71,243,3.235,0.861,4.15,-0.9150000000000005
LYS,72,244,nan,nan,10.67,
GL2,77,249,3.457,0.478,4.15,-0.6930000000000005
GL2,79,251,4.271,0.608,4.15,0.12099999999999955
HIP,88,260,0.156,0.208,6.04,-5.884
GL2,89,261,2.605,0.671,4.15,-1.5450000000000004
AS2,98,270,3.164,0.992,3.71,-0.5459999999999998
HIP,103,275,6.330,0.512,6.04,0.29000000000000004
HIP,113,285,4.783,0.393,6.04,-1.2569999999999997
HIP,115,287,6.158,0.485,6.04,0.11800000000000033
GL2,116,288,1.764,0.680,4.15,-2.386
AS2,122,294,2.708,0.866,3.71,-1.0019999999999998
AS2,130,302,1.957,3.840,3.71,-1.753
CYS,134,306,nan,nan,8.14,
HIP,147,319,6.625,0.447,6.04,0.585
HIP,149,321,6.010,0.370,6.04,-0.03000000000000025
GL2,151,323,3.261,1.388,4.15,-0.8890000000000002
LYS,158,330,nan,nan,10.67,
HIP,163,335,6.284,0.536,6.04,0.24399999999999977
AS2,165,337,2.231,2.873,3.71,-1.479
LYS,167,339,15.478,0.235,10.67,4.808
LYS,169,341,nan,nan,10.67,
LYS,174,346,nan,nan,10.67,
LYS,175,347,nan,nan,10.67,
CYS,179,351,nan,nan,8.14,
CYS,180,352,nan,nan,8.14,
AS2,183,355,1.998,0.534,3.71,-1.712
HIP,190,362,5.809,0.401,6.04,-0.23099999999999987
AS2,198,370,2.309,1.036,3.71,-1.4009999999999998
LYS,208,380,13.652,0.316,10.67,2.9819999999999993
GL2,214,386,1.307,0.338,4.15,-2.8430000000000004
AS2,217,389,4.807,0.508,3.71,1.0970000000000004
GL2,218,390,4.442,0.495,4.15,0.2919999999999998
AS2,223,395,3.136,0.973,3.71,-0.5739999999999998
CYS,224,396,11.675,0.251,8.14,3.535
AS2,226,398,2.527,0.837,3.71,-1.1829999999999998
LYS,229,401,nan,nan,10.67,
AS2,232,404,2.497,0.587,3.71,-1.213
GL2,242,414,3.901,2.581,4.15,-0.24900000000000055
GL2,254,426,2.829,0.931,4.15,-1.3210000000000002
AS2,255,427,1.784,0.695,3.71,-1.926
LYS,257,429,nan,nan,10.67,
AS2,262,434,3.389,1.013,3.71,-0.3210000000000002
AS2,267,439,3.310,0.982,3.71,-0.3999999999999999
GL2,271,443,3.108,0.816,4.15,-1.0420000000000003
AS2,272,444,1.790,0.592,3.71,-1.92
LYS,275,447,nan,nan,10.67,
CYS,278,450,13.959,0.333,8.14,5.818999999999999
AS2,280,452,3.823,1.968,3.71,0.11299999999999999
AS2,293,465,2.559,0.641,3.71,-1.1509999999999998
LYS,301,473,nan,nan,10.67,
LYS,304,476,nan,nan,10.67,
GL2,305,477,4.119,1.432,4.15,-0.031000000000000583
CYS,306,478,nan,nan,8.14,
LYS,321,493,nan,nan,10.67,
LYS,322,494,16.236,0.271,10.67,5.566000000000001
LYS,326,498,nan,nan,10.67,
AS2,328,500,3.247,0.903,3.71,-0.4630000000000001
GL2,333,7,3.432,0.900,4.15,-0.7180000000000004
AS2,339,13,3.243,1.118,3.71,-0.4670000000000001
LYS,345,19,nan,nan,10.67,
CYS,350,24,nan,nan,8.14,
HIP,353,27,4.544,0.440,6.04,-1.4960000000000004
GL2,359,33,2.768,0.784,4.15,-1.3820000000000006
AS2,360,34,2.832,0.815,3.71,-0.8780000000000001
LYS,362,36,nan,nan,10.67,
LYS,363,37,nan,nan,10.67,
AS2,365,39,0.921,0.347,3.71,-2.7889999999999997
AS2,369,43,2.473,0.756,3.71,-1.237
LYS,372,46,nan,nan,10.67,
LYS,375,49,nan,nan,10.67,
LYS,380,54,nan,nan,10.67,
GL2,382,56,2.916,1.093,4.15,-1.2340000000000004
GL2,388,62,3.784,0.929,4.15,-0.36600000000000055
GL2,389,63,3.339,1.070,4.15,-0.8110000000000004
LYS,401,75,nan,nan,10.67,
AS2,407,81,2.305,0.654,3.71,-1.4049999999999998
HIP,415,89,5.758,0.528,6.04,-0.28200000000000003
HIP,422,96,6.832,0.428,6.04,0.7919999999999998
AS2,428,102,2.560,0.303,3.71,-1.15
GL2,430,104,2.967,1.213,4.15,-1.1830000000000003
LYS,433,107,nan,nan,10.67,
GL2,435,109,3.038,0.902,4.15,-1.1120000000000005
